Function;Count
8203ff88388384a6f9ed28664e8e9484119ff340cb7dc0811a15194b3a507f0e;1683728143
5315be05fc3b21a3f483ed0759bce825764dcf8a762623a1d94ff63f9d9ce4cc;1187337050
dd833bb70b3a57caaa6b4e4560975d9ba5a77fd0151e13d1b5f30b4f6c381d5c;900734217
93d4c31373200d74272af6e0feb443ea1206b83034d563ad7bc934e89b12e170;336710817
063ba6f3c1d425f6f5c3bde3b9ba1eba7c6d81c57fd794860338638212d30dfb;307327546
ea885ffca6338a2b781a0725ae8a661496779c7f0a7f78855b1f297b899640c0;251016433
04605a37a22e05096e009845434d33bfd1c42cd67f6d72601d351e470614bf5f;228916007
0ce67779eaa33056a996ccdeabeb3c04e48d41388d5fa734c30f505d7583b559;204103759
f8c5d1ba78b7d2f4d2d2a0d8bbc31f0b93185edce1d0788fbc362f22bd931af2;199993178
4fec01ac4ad62bb7fdff5851257d9a097af424ae03ba62c0e94167e3d5e24ef6;192360218
