App;Count
94409f2485ebd997a61cbd06906595e4f3ef1846ed7406f9e3fa03cfa4d5060a;1800297327
734bb9a04a1d2e6917f75e46c093a6c95d114970e624b9975b98bad86c12f14b;1303897114
4b75f2532af503341fd11268d543ad0119dd2e8950a022f2851b4a5d0c8a5e0a;908443266
228ef3c9f06cde19b4382e39c9339cc9b62b521ae71d70ed02d775df20529a43;644038364
dd3b9ba973ba588195ba8b00e2fd48d4f37a0a1a28407235e1640ff9e1f02ae2;251016433
73fc37dfe254f2264ea7afce89c2891ffd6be4c35522814e9a85c3e8f08b01a3;229043945
b0d8f4154f8e41923a37ad9145818ac98d8bdf6ab4d173ed7250088cc35bb206;224024684
e7a26f46bfb1378c0ef7c41d4cb342fbd7c4bf370efd5dd99e429f681370ef64;204103759
407da163d1378268e37b6553d062d3486fafa63faacef51c38bb6bcc35130f1b;199993178
3b78a2ea7323aacd2a2b764652da93855512244410ef06db15b55d9bff9d5143;192360219
